﻿{
  "IsEncrypted": false,
  "Values": {
    "AzureWebJobsStorage": "UseDevelopmentStorage=true",
    "FUNCTIONS_WORKER_RUNTIME": "java",
    "DB_URL": "jdbc:oracle:thin:@(description=(retry_count=20)(retry_delay=3)(address=(protocol=tcps)(port=1522)(host=adb.sa-santiago-1.oraclecloud.com))(connect_data=(service_name=g8fd1371297d3dc_bdduoc_high.adb.oraclecloud.com))(security=(ssl_server_dn_match=yes)))",
    "DB_USER": "ADMIN",
    "DB_PASSWORD": "Pass1163Meth",
    "ORACLE_NET_TNS_ADMIN": "../demo/src/main/resources/wallet"
  }
}